bin_lo_gev,bin_hi_gev,target_no_xs_cv_weight_per_1e17pot,target_no_xs_cv_weight_stat_err,target_xs_cv_weight_per_1e17pot,target_xs_cv_weight_stat_err
0.000,0.050,1.266626e-07,1.266626e-07,0.000000e+00,0.000000e+00
0.050,0.100,1.076632e-05,1.167772e-06,1.833937e-05,3.227291e-06
0.100,0.150,8.967714e-05,3.370273e-06,1.088837e-04,5.161266e-06
0.150,0.200,2.621916e-04,5.762802e-06,3.536682e-04,2.056597e-05
0.200,0.250,4.914510e-04,7.889771e-06,6.328434e-04,2.333689e-05
0.250,0.300,8.133008e-04,1.014962e-05,1.012968e-03,3.225225e-05
0.300,0.350,1.217608e-03,1.241875e-05,1.444224e-03,3.107218e-05
0.350,0.400,1.632808e-03,1.438109e-05,1.951225e-03,3.315346e-05
0.400,0.450,2.105513e-03,1.633064e-05,2.588378e-03,3.657730e-05
0.450,0.500,2.533633e-03,1.791414e-05,3.094477e-03,3.634230e-05
0.500,0.550,3.009251e-03,1.952331e-05,3.571328e-03,3.552153e-05
0.550,0.600,3.364286e-03,2.064290e-05,4.036574e-03,4.058122e-05
0.600,0.650,3.779486e-03,2.187966e-05,4.606757e-03,4.369392e-05
0.650,0.700,3.943641e-03,2.234976e-05,4.742948e-03,4.388637e-05
0.700,0.750,4.114762e-03,2.282951e-05,4.888000e-03,4.359064e-05
0.750,0.800,4.184173e-03,2.302126e-05,4.946840e-03,4.522930e-05
0.800,0.850,4.190887e-03,2.303972e-05,4.942909e-03,4.654818e-05
0.850,0.900,4.284997e-03,2.329697e-05,5.094262e-03,4.866864e-05
0.900,0.950,4.304250e-03,2.334925e-05,5.044338e-03,4.959225e-05
0.950,1.000,4.375054e-03,2.354052e-05,5.137053e-03,5.019160e-05
1.000,1.050,4.421286e-03,2.366457e-05,5.179792e-03,5.148052e-05
1.050,1.100,4.440285e-03,2.371536e-05,5.215488e-03,5.313070e-05
1.100,1.150,4.406466e-03,2.362487e-05,5.083949e-03,4.853350e-05
1.150,1.200,4.386327e-03,2.357082e-05,5.114332e-03,5.072529e-05
1.200,1.250,4.297790e-03,2.333172e-05,4.941943e-03,4.924026e-05
1.250,1.300,4.212926e-03,2.310022e-05,4.811013e-03,4.671665e-05
1.300,1.350,4.088670e-03,2.275701e-05,4.668529e-03,4.517286e-05
1.350,1.400,4.023312e-03,2.257439e-05,4.615617e-03,4.598722e-05
1.400,1.450,3.869543e-03,2.213880e-05,4.404199e-03,4.477723e-05
1.450,1.500,3.822805e-03,2.200469e-05,4.363254e-03,4.385705e-05
1.500,1.550,3.657637e-03,2.152408e-05,4.084955e-03,4.055628e-05
1.550,1.600,3.567326e-03,2.125669e-05,3.955505e-03,3.973500e-05
1.600,1.650,3.460803e-03,2.093692e-05,3.848762e-03,3.999507e-05
1.650,1.700,3.320714e-03,2.050879e-05,3.704503e-03,3.857112e-05
1.700,1.750,3.271822e-03,2.035725e-05,3.637901e-03,3.960961e-05
1.750,1.800,3.153900e-03,1.998703e-05,3.484989e-03,3.671287e-05
1.800,1.850,3.067136e-03,1.971019e-05,3.396992e-03,3.654198e-05
1.850,1.900,2.941486e-03,1.930224e-05,3.255837e-03,3.544811e-05
1.900,1.950,2.869415e-03,1.906430e-05,3.181300e-03,3.468674e-05
1.950,2.000,2.765045e-03,1.871438e-05,3.053704e-03,3.405384e-05
2.000,2.050,2.648262e-03,1.831491e-05,2.926155e-03,3.372359e-05
2.050,2.100,2.539079e-03,1.793339e-05,2.786466e-03,3.384092e-05
2.100,2.150,2.455355e-03,1.763524e-05,2.663357e-03,2.998615e-05
2.150,2.200,2.364031e-03,1.730417e-05,2.580390e-03,2.957972e-05
2.200,2.250,2.213050e-03,1.674248e-05,2.429529e-03,3.026049e-05
2.250,2.300,2.128312e-03,1.641882e-05,2.338232e-03,2.939344e-05
2.300,2.350,2.047881e-03,1.610559e-05,2.250891e-03,3.055959e-05
2.350,2.400,1.974797e-03,1.581559e-05,2.189939e-03,2.868972e-05
2.400,2.450,1.898293e-03,1.550622e-05,2.081181e-03,2.781745e-05
2.450,2.500,1.791390e-03,1.506327e-05,1.919832e-03,2.541800e-05
2.500,2.550,1.689806e-03,1.462995e-05,1.834784e-03,2.501392e-05
2.550,2.600,1.602029e-03,1.424490e-05,1.731816e-03,2.432399e-05
2.600,2.650,1.538444e-03,1.395935e-05,1.677900e-03,2.313255e-05
2.650,2.700,1.495126e-03,1.376142e-05,1.584185e-03,2.148562e-05
2.700,2.750,1.394302e-03,1.328932e-05,1.482823e-03,2.081995e-05
2.750,2.800,1.324764e-03,1.295369e-05,1.432842e-03,2.295488e-05
2.800,2.850,1.249400e-03,1.257984e-05,1.336544e-03,2.094058e-05
2.850,2.900,1.213175e-03,1.239612e-05,1.313108e-03,2.203395e-05
2.900,2.950,1.132617e-03,1.197749e-05,1.200179e-03,1.853024e-05
2.950,3.000,1.072832e-03,1.165709e-05,1.158333e-03,2.065649e-05
3.000,3.050,1.002028e-03,1.126586e-05,1.074748e-03,1.815766e-05
3.050,3.100,9.412300e-04,1.091873e-05,1.013070e-03,1.806093e-05
3.100,3.150,9.120976e-04,1.074843e-05,9.651076e-04,1.735836e-05
3.150,3.200,8.343268e-04,1.027998e-05,9.022577e-04,1.776312e-05
3.200,3.250,8.027878e-04,1.008381e-05,8.647052e-04,1.740977e-05
3.250,3.300,7.384431e-04,9.671254e-06,8.029183e-04,1.708260e-05
3.300,3.350,6.833449e-04,9.303454e-06,7.271198e-04,1.537578e-05
3.350,3.400,6.515526e-04,9.084457e-06,6.806111e-04,1.371543e-05
3.400,3.450,6.281200e-04,8.919604e-06,6.606155e-04,1.299168e-05
3.450,3.500,5.858147e-04,8.613990e-06,6.066615e-04,1.192819e-05
3.500,3.550,5.473092e-04,8.326081e-06,5.770062e-04,1.348657e-05
3.550,3.600,5.118437e-04,8.051799e-06,5.401487e-04,1.241326e-05
3.600,3.650,4.753649e-04,7.759572e-06,5.147938e-04,1.383192e-05
3.650,3.700,4.222932e-04,7.313602e-06,4.595105e-04,1.386008e-05
3.700,3.750,4.160867e-04,7.259659e-06,4.384387e-04,1.110118e-05
3.750,3.800,3.851811e-04,6.984844e-06,3.984095e-04,8.918345e-06
3.800,3.850,3.578219e-04,6.732211e-06,3.870306e-04,1.193134e-05
3.850,3.900,3.413558e-04,6.575487e-06,3.665683e-04,1.232778e-05
3.900,3.950,3.157699e-04,6.324259e-06,3.253965e-04,8.998209e-06
3.950,4.000,3.027237e-04,6.192235e-06,3.152488e-04,9.500261e-06
4.000,4.050,2.809377e-04,5.965259e-06,2.971886e-04,9.798793e-06
4.050,4.100,2.519320e-04,5.648926e-06,2.588675e-04,7.432528e-06
4.100,4.150,2.328059e-04,5.430268e-06,2.364803e-04,7.425199e-06
4.150,4.200,2.169731e-04,5.242364e-06,2.277675e-04,8.201809e-06
4.200,4.250,2.105133e-04,5.163736e-06,2.099486e-04,5.709395e-06
4.250,4.300,1.863207e-04,4.857970e-06,1.889517e-04,5.704653e-06
4.300,4.350,1.792276e-04,4.764603e-06,1.886169e-04,6.534390e-06
4.350,4.400,1.644081e-04,4.563372e-06,1.711442e-04,6.703578e-06
4.400,4.450,1.473086e-04,4.319549e-06,1.526491e-04,6.370396e-06
4.450,4.500,1.328691e-04,4.102383e-06,1.378563e-04,7.123626e-06
4.500,4.550,1.313491e-04,4.078851e-06,1.431518e-04,9.613384e-06
4.550,4.600,1.164030e-04,3.839779e-06,1.270232e-04,7.817191e-06
4.600,4.650,1.113365e-04,3.755285e-06,1.176940e-04,7.220765e-06
4.650,4.700,1.005701e-04,3.569100e-06,1.069176e-04,6.655343e-06
4.700,4.750,9.411034e-05,3.452573e-06,9.995751e-05,5.076756e-06
4.750,4.800,8.372400e-05,3.256486e-06,8.580694e-05,4.534086e-06
4.800,4.850,7.587092e-05,3.100002e-06,7.387398e-05,3.315919e-06
4.850,4.900,7.169105e-05,3.013400e-06,7.473820e-05,6.005783e-06
4.900,4.950,7.029776e-05,2.983974e-06,7.126622e-05,3.134314e-06
4.950,5.000,6.371130e-05,2.840747e-06,6.963371e-05,5.677789e-06
5.000,5.050,5.661820e-05,2.677949e-06,7.003496e-05,8.223273e-06
5.050,5.100,4.711850e-05,2.442980e-06,4.764555e-05,2.601166e-06
5.100,5.150,4.648519e-05,2.426507e-06,5.313051e-05,5.381279e-06
5.150,5.200,4.103869e-05,2.279927e-06,4.511399e-05,3.903002e-06
5.200,5.250,3.761880e-05,2.182864e-06,3.654890e-05,2.405420e-06
5.250,5.300,3.559220e-05,2.123253e-06,3.366430e-05,2.607476e-06
5.300,5.350,3.521221e-05,2.111888e-06,3.379521e-05,2.625201e-06
5.350,5.400,2.583918e-05,1.809104e-06,2.617219e-05,1.861017e-06
5.400,5.450,2.596584e-05,1.813533e-06,2.756695e-05,2.266749e-06
5.450,5.500,2.127932e-05,1.641735e-06,2.046510e-05,1.859886e-06
5.500,5.550,1.633948e-05,1.438611e-06,1.623748e-05,1.544257e-06
5.550,5.600,2.077267e-05,1.622073e-06,2.088989e-05,1.635199e-06
5.600,5.650,1.494619e-05,1.375908e-06,1.528246e-05,1.588464e-06
5.650,5.700,1.519952e-05,1.387520e-06,1.519952e-05,1.387520e-06
5.700,5.750,1.557950e-05,1.404757e-06,1.557950e-05,1.404757e-06
5.750,5.800,1.241294e-05,1.253896e-06,1.292414e-05,1.370637e-06
5.800,5.850,1.063966e-05,1.160882e-06,1.083892e-05,1.189801e-06
5.850,5.900,8.359734e-06,1.029012e-06,8.490921e-06,1.053903e-06
5.900,5.950,7.853083e-06,9.973426e-07,8.353325e-06,1.151367e-06
5.950,6.000,7.726421e-06,9.892668e-07,0.000000e+00,0.000000e+00
